{
    "precision": [
        0.32137161084529503,
        0.16945773524720892,
        0.14911650717703348,
        0.16547049441786285,
        0.13620414673046252,
        0.12573668261562998,
        0.11347735247208932,
        0.10267145135566189,
        0.09346961722488038,
        0.08484848484848485,
        0.08365135566188198,
        0.09801499202551833,
        0.10647751196172248,
        0.12406244019138755,
        0.1283921052631579,
        0.12435207336523126,
        0.12035542264752791,
        0.11706020733652313,
        0.11487631578947369,
        0.11323763955342903
    ],
    "recall": [
        0.03458221690590112,
        0.036437799043062206,
        0.049775598086124404,
        0.06577256778309411,
        0.06803803827751197,
        0.0758523923444976,
        0.07913763955342902,
        0.08318516746411483,
        0.08500015948963319,
        0.08567687400318981,
        0.09132336523125996,
        0.11209553429027114,
        0.12910510366826158,
        0.1599361244019139,
        0.17651905901116427,
        0.1833214513556619,
        0.19009864433811802,
        0.19657216905901115,
        0.2036700956937799,
        0.21142057416267943
    ],
    "fpr": [
        0.0006885818392754094,
        0.001688658911203591,
        0.002596003445484027,
        0.0033923564290798784,
        0.004390726297169312,
        0.005333804755945919,
        0.006310798157820393,
        0.007301169871536538,
        0.00829848252756005,
        0.009309061812922417,
        0.010253231462378467,
        0.011007716670339113,
        0.011811963705150835,
        0.012467991351360223,
        0.013291687509766602,
        0.01424442688325869,
        0.01520451797124943,
        0.016160577611282163,
        0.017101033775412427,
        0.01803469642020221
    ],
    "f1": [
        0.062444856138869756,
        0.05997863857617129,
        0.07463708357710365,
        0.09412969384097074,
        0.09074582667425805,
        0.09462247092943316,
        0.09324642628192441,
        0.09190678210369584,
        0.08903392525897952,
        0.0852606674245421,
        0.0873191655911371,
        0.10458345997950308,
        0.11670462351632793,
        0.13973356457555328,
        0.14865742076108662,
        0.1481856627412355,
        0.14739315817305895,
        0.14673726703717363,
        0.14689771664990714,
        0.14748289602717157
    ]
}